{"cameraMode":{"drawMode":0,"name":"Shaded","section":"Shading Mode"},"sceneLighting":true,"audioPlay":false,"sceneViewState":{"showFog":true,"showMaterialUpdate":false,"showSkybox":false,"showFlares":true,"showImageEffects":true,"showParticleSystems":true},"in2DMode":false,"pivot":{"x":0.6969877481460571,"y":0.39907562732696535,"z":-10.1365966796875},"rotation":{"x":-0.023749325424432756,"y":0.9759886264801025,"z":-0.15388277173042298,"w":-0.1537070870399475},"size":5.8216681480407719,"orthographic":false}